precinto,votos,persona,partido
San Juan 001,4313,Alexandra Lúgaro,INDEPENDIENTE
San Juan 002,4140,Alexandra Lúgaro,INDEPENDIENTE
San Juan 003,4387,Alexandra Lúgaro,INDEPENDIENTE
San Juan 004,5162,Alexandra Lúgaro,INDEPENDIENTE
San Juan 005,1305,Alexandra Lúgaro,INDEPENDIENTE
Guaynabo 006,2319,Alexandra Lúgaro,INDEPENDIENTE
Guaynabo 007,3187,Alexandra Lúgaro,INDEPENDIENTE
Cataño 008,1781,Alexandra Lúgaro,INDEPENDIENTE
Bayamón 009,232,Alexandra Lúgaro,INDEPENDIENTE
Bayamón 010,4877,Alexandra Lúgaro,INDEPENDIENTE
Bayamón 011,4994,Alexandra Lúgaro,INDEPENDIENTE
Bayamón 012,714,Alexandra Lúgaro,INDEPENDIENTE
Toa Alta 013,3775,Alexandra Lúgaro,INDEPENDIENTE
Toa Baja 014,4877,Alexandra Lúgaro,INDEPENDIENTE
Dorado 015,2247,Alexandra Lúgaro,INDEPENDIENTE
Vega Alta 016,1175,Alexandra Lúgaro,INDEPENDIENTE
Vega Alta 017,351,Alexandra Lúgaro,INDEPENDIENTE
Vega Baja 018,1106,Alexandra Lúgaro,INDEPENDIENTE
Vega Baja 019,1511,Alexandra Lúgaro,INDEPENDIENTE
Morovis 020,1248,Alexandra Lúgaro,INDEPENDIENTE
Manatí 021,964,Alexandra Lúgaro,INDEPENDIENTE
Manatí 022,988,Alexandra Lúgaro,INDEPENDIENTE
Ciales 023,798,Alexandra Lúgaro,INDEPENDIENTE
Florida 024,446,Alexandra Lúgaro,INDEPENDIENTE
Barceloneta 025,1241,Alexandra Lúgaro,INDEPENDIENTE
Arecibo 026,550,Alexandra Lúgaro,INDEPENDIENTE
Arecibo 027,2625,Alexandra Lúgaro,INDEPENDIENTE
Hatillo 028,311,Alexandra Lúgaro,INDEPENDIENTE
Hatillo 029,1124,Alexandra Lúgaro,INDEPENDIENTE
Camuy 030,1243,Alexandra Lúgaro,INDEPENDIENTE
Quebradillas 031,1159,Alexandra Lúgaro,INDEPENDIENTE
Isabela 032,2106,Alexandra Lúgaro,INDEPENDIENTE
San Sebastián 033,1675,Alexandra Lúgaro,INDEPENDIENTE
Las Marías 034,292,Alexandra Lúgaro,INDEPENDIENTE
Aguadilla 035,2625,Alexandra Lúgaro,INDEPENDIENTE
Moca 036,1306,Alexandra Lúgaro,INDEPENDIENTE
Moca 037,229,Alexandra Lúgaro,INDEPENDIENTE
Aguada 038,2794,Alexandra Lúgaro,INDEPENDIENTE
Rincón 039,1042,Alexandra Lúgaro,INDEPENDIENTE
Añasco 040,1667,Alexandra Lúgaro,INDEPENDIENTE
Mayagüez 041,150,Alexandra Lúgaro,INDEPENDIENTE
Mayagüez 042,3981,Alexandra Lúgaro,INDEPENDIENTE
San Germán 043,447,Alexandra Lúgaro,INDEPENDIENTE
San Germán 044,1452,Alexandra Lúgaro,INDEPENDIENTE
Hormigueros 045,1194,Alexandra Lúgaro,INDEPENDIENTE
Cabo Rojo 046,3422,Alexandra Lúgaro,INDEPENDIENTE
Lajas 047,1226,Alexandra Lúgaro,INDEPENDIENTE
Guánica 048,899,Alexandra Lúgaro,INDEPENDIENTE
Sabana Grande 049,1093,Alexandra Lúgaro,INDEPENDIENTE
Maricao 050,137,Alexandra Lúgaro,INDEPENDIENTE
Yauco 051,771,Alexandra Lúgaro,INDEPENDIENTE
Yauco 052,1432,Alexandra Lúgaro,INDEPENDIENTE
Lares 053,914,Alexandra Lúgaro,INDEPENDIENTE
Utuado 054,854,Alexandra Lúgaro,INDEPENDIENTE
Adjuntas 055,532,Alexandra Lúgaro,INDEPENDIENTE
Jayuya 056,262,Alexandra Lúgaro,INDEPENDIENTE
Jayuya 057,315,Alexandra Lúgaro,INDEPENDIENTE
Guayanilla 058,1085,Alexandra Lúgaro,INDEPENDIENTE
Peñuelas 059,1165,Alexandra Lúgaro,INDEPENDIENTE
Ponce 060,1020,Alexandra Lúgaro,INDEPENDIENTE
Ponce 061,4896,Alexandra Lúgaro,INDEPENDIENTE
Ponce 062,2520,Alexandra Lúgaro,INDEPENDIENTE
Juana Díaz 063,1491,Alexandra Lúgaro,INDEPENDIENTE
Juana Díaz 064,745,Alexandra Lúgaro,INDEPENDIENTE
Villalba 065,1060,Alexandra Lúgaro,INDEPENDIENTE
Orocovis 066,808,Alexandra Lúgaro,INDEPENDIENTE
Santa Isabel 067,953,Alexandra Lúgaro,INDEPENDIENTE
Coamo 068,524,Alexandra Lúgaro,INDEPENDIENTE
Aibonito 069,1568,Alexandra Lúgaro,INDEPENDIENTE
Barranquitas 070,947,Alexandra Lúgaro,INDEPENDIENTE
Barranquitas 071,288,Alexandra Lúgaro,INDEPENDIENTE
Corozal 072,1609,Alexandra Lúgaro,INDEPENDIENTE
Naranjito 073,1480,Alexandra Lúgaro,INDEPENDIENTE
Comerío 074,715,Alexandra Lúgaro,INDEPENDIENTE
Coamo 075,934,Alexandra Lúgaro,INDEPENDIENTE
Cidra 076,2703,Alexandra Lúgaro,INDEPENDIENTE
Cayey 077,2737,Alexandra Lúgaro,INDEPENDIENTE
Salinas 078,1184,Alexandra Lúgaro,INDEPENDIENTE
Guayama 079,1655,Alexandra Lúgaro,INDEPENDIENTE
Arroyo 080,562,Alexandra Lúgaro,INDEPENDIENTE
Aguas Buenas 081,1457,Alexandra Lúgaro,INDEPENDIENTE
Caguas 082,3162,Alexandra Lúgaro,INDEPENDIENTE
Caguas 083,5550,Alexandra Lúgaro,INDEPENDIENTE
Gurabo 084,2332,Alexandra Lúgaro,INDEPENDIENTE
Salinas 085,141,Alexandra Lúgaro,INDEPENDIENTE
San Lorenzo 086,1235,Alexandra Lúgaro,INDEPENDIENTE
San Lorenzo 087,1235,Alexandra Lúgaro,INDEPENDIENTE
Juncos 088,1680,Alexandra Lúgaro,INDEPENDIENTE
Las Piedras 089,1492,Alexandra Lúgaro,INDEPENDIENTE
Las Piedras 090,310,Alexandra Lúgaro,INDEPENDIENTE
Patillas 091,500,Alexandra Lúgaro,INDEPENDIENTE
Maunabo 092,327,Alexandra Lúgaro,INDEPENDIENTE
Yabucoa 093,1366,Alexandra Lúgaro,INDEPENDIENTE
Humacao 094,2151,Alexandra Lúgaro,INDEPENDIENTE
Naguabo 095,922,Alexandra Lúgaro,INDEPENDIENTE
Vieques 096,320,Alexandra Lúgaro,INDEPENDIENTE
Culebra 097,177,Alexandra Lúgaro,INDEPENDIENTE
Ceiba 098,553,Alexandra Lúgaro,INDEPENDIENTE
Fajardo 099,1477,Alexandra Lúgaro,INDEPENDIENTE
Luquillo 100,836,Alexandra Lúgaro,INDEPENDIENTE
Río Grande 101,364,Alexandra Lúgaro,INDEPENDIENTE
Río Grande 102,1649,Alexandra Lúgaro,INDEPENDIENTE
Loíza 103,808,Alexandra Lúgaro,INDEPENDIENTE
Canóvanas 104,888,Alexandra Lúgaro,INDEPENDIENTE
Canóvanas 105,985,Alexandra Lúgaro,INDEPENDIENTE
Carolina 106,1642,Alexandra Lúgaro,INDEPENDIENTE
Carolina 107,2783,Alexandra Lúgaro,INDEPENDIENTE
Carolina 108,4777,Alexandra Lúgaro,INDEPENDIENTE
Trujillo Alto 109,1874,Alexandra Lúgaro,INDEPENDIENTE
Trujillo Alto 110,2222,Alexandra Lúgaro,INDEPENDIENTE
San Juan 001,,David Bernier,
San Juan 002,14133,David Bernier,
San Juan 003,,David Bernier,
San Juan 004,15026,David Bernier,
San Juan 005,4660,David Bernier,
Guaynabo 006,,David Bernier,
Guaynabo 007,,David Bernier,
Cataño 008,,David Bernier,
Bayamón 009,672,David Bernier,
Bayamón 010,,David Bernier,
Bayamón 011,,David Bernier,
Bayamón 012,,David Bernier,
Toa Alta 013,,David Bernier,
Toa Baja 014,,David Bernier,
Dorado 015,7322,David Bernier,
Vega Alta 016,,David Bernier,
Vega Alta 017,1753,David Bernier,
Vega Baja 018,4909,David Bernier,
Vega Baja 019,5390,David Bernier,
Morovis 020,6883,David Bernier,
Manatí 021,,David Bernier,
Manatí 022,,David Bernier,
Ciales 023,,David Bernier,
Florida 024,,David Bernier,
Barceloneta 025,,David Bernier,
Arecibo 026,,David Bernier,
Arecibo 027,,David Bernier,
Hatillo 028,,David Bernier,
Hatillo 029,,David Bernier,
Camuy 030,,David Bernier,
Quebradillas 031,,David Bernier,
Isabela 032,,David Bernier,
San Sebastián 033,,David Bernier,
Las Marías 034,,David Bernier,
Aguadilla 035,,David Bernier,
Moca 036,,David Bernier,
Moca 037,,David Bernier,
Aguada 038,,David Bernier,
Rincón 039,3315,David Bernier,
Añasco 040,,David Bernier,
Mayagüez 041,659,David Bernier,
Mayagüez 042,13404,David Bernier,
San Germán 043,,David Bernier,
San Germán 044,4694,David Bernier,
Hormigueros 045,3748,David Bernier,
Cabo Rojo 046,8226,David Bernier,
Lajas 047,4713,David Bernier,
Guánica 048,,David Bernier,
Sabana Grande 049,6131,David Bernier,
Maricao 050,,David Bernier,
Yauco 051,,David Bernier,
Yauco 052,,David Bernier,
Lares 053,,David Bernier,
Utuado 054,,David Bernier,
Adjuntas 055,,David Bernier,
Jayuya 056,,David Bernier,
Jayuya 057,2163,David Bernier,
Guayanilla 058,4608,David Bernier,
Peñuelas 059,,David Bernier,
Ponce 060,,David Bernier,
Ponce 061,,David Bernier,
Ponce 062,,David Bernier,
Juana Díaz 063,,David Bernier,
Juana Díaz 064,,David Bernier,
Villalba 065,,David Bernier,
Orocovis 066,,David Bernier,
Santa Isabel 067,,David Bernier,
Coamo 068,,David Bernier,
Aibonito 069,5677,David Bernier,
Barranquitas 070,,David Bernier,
Barranquitas 071,,David Bernier,
Corozal 072,,David Bernier,
Naranjito 073,7375,David Bernier,
Comerío 074,4632,David Bernier,
Coamo 075,4593,David Bernier,
Cidra 076,,David Bernier,
Cayey 077,9736,David Bernier,
Salinas 078,5235,David Bernier,
Guayama 079,8017,David Bernier,
Arroyo 080,4247,David Bernier,
Aguas Buenas 081,,David Bernier,
Caguas 082,8496,David Bernier,
Caguas 083,15089,David Bernier,
Gurabo 084,,David Bernier,
Salinas 085,656,David Bernier,
San Lorenzo 086,,David Bernier,
San Lorenzo 087,,David Bernier,
Juncos 088,,David Bernier,
Las Piedras 089,,David Bernier,
Las Piedras 090,1385,David Bernier,
Patillas 091,4926,David Bernier,
Maunabo 092,2903,David Bernier,
Yabucoa 093,,David Bernier,
Humacao 094,10467,David Bernier,
Naguabo 095,,David Bernier,
Vieques 096,1859,David Bernier,
Culebra 097,478,David Bernier,
Ceiba 098,,David Bernier,
Fajardo 099,,David Bernier,
Luquillo 100,,David Bernier,
Río Grande 101,,David Bernier,
Río Grande 102,,David Bernier,
Loíza 103,,David Bernier,
Canóvanas 104,,David Bernier,
Canóvanas 105,,David Bernier,
Carolina 106,,David Bernier,
Carolina 107,8631,David Bernier,
Carolina 108,12743,David Bernier,
Trujillo Alto 109,5367,David Bernier,
Trujillo Alto 110,5939,David Bernier,
San Juan 001,11214,David Bernier,PARTIDO POPULAR DEMOCRÁTICO
San Juan 002,,David Bernier,PARTIDO POPULAR DEMOCRÁTICO
San Juan 003,12199,David Bernier,PARTIDO POPULAR DEMOCRÁTICO
San Juan 004,,David Bernier,PARTIDO POPULAR DEMOCRÁTICO
San Juan 005,,David Bernier,PARTIDO POPULAR DEMOCRÁTICO
Guaynabo 006,5522,David Bernier,PARTIDO POPULAR DEMOCRÁTICO
Guaynabo 007,7806,David Bernier,PARTIDO POPULAR DEMOCRÁTICO
Cataño 008,4212,David Bernier,PARTIDO POPULAR DEMOCRÁTICO
Bayamón 009,,David Bernier,PARTIDO POPULAR DEMOCRÁTICO
Bayamón 010,13071,David Bernier,PARTIDO POPULAR DEMOCRÁTICO
Bayamón 011,12337,David Bernier,PARTIDO POPULAR DEMOCRÁTICO
Bayamón 012,3006,David Bernier,PARTIDO POPULAR DEMOCRÁTICO
Toa Alta 013,10778,David Bernier,PARTIDO POPULAR DEMOCRÁTICO
Toa Baja 014,12500,David Bernier,PARTIDO POPULAR DEMOCRÁTICO
Dorado 015,,David Bernier,PARTIDO POPULAR DEMOCRÁTICO
Vega Alta 016,4584,David Bernier,PARTIDO POPULAR DEMOCRÁTICO
Vega Alta 017,,David Bernier,PARTIDO POPULAR DEMOCRÁTICO
Vega Baja 018,,David Bernier,PARTIDO POPULAR DEMOCRÁTICO
Vega Baja 019,,David Bernier,PARTIDO POPULAR DEMOCRÁTICO
Morovis 020,,David Bernier,PARTIDO POPULAR DEMOCRÁTICO
Manatí 021,2515,David Bernier,PARTIDO POPULAR DEMOCRÁTICO
Manatí 022,3303,David Bernier,PARTIDO POPULAR DEMOCRÁTICO
Ciales 023,4464,David Bernier,PARTIDO POPULAR DEMOCRÁTICO
Florida 024,2264,David Bernier,PARTIDO POPULAR DEMOCRÁTICO
Barceloneta 025,4870,David Bernier,PARTIDO POPULAR DEMOCRÁTICO
Arecibo 026,1800,David Bernier,PARTIDO POPULAR DEMOCRÁTICO
Arecibo 027,10737,David Bernier,PARTIDO POPULAR DEMOCRÁTICO
Hatillo 028,1719,David Bernier,PARTIDO POPULAR DEMOCRÁTICO
Hatillo 029,5374,David Bernier,PARTIDO POPULAR DEMOCRÁTICO
Camuy 030,5816,David Bernier,PARTIDO POPULAR DEMOCRÁTICO
Quebradillas 031,5083,David Bernier,PARTIDO POPULAR DEMOCRÁTICO
Isabela 032,8112,David Bernier,PARTIDO POPULAR DEMOCRÁTICO
San Sebastián 033,7912,David Bernier,PARTIDO POPULAR DEMOCRÁTICO
Las Marías 034,2620,David Bernier,PARTIDO POPULAR DEMOCRÁTICO
Aguadilla 035,7871,David Bernier,PARTIDO POPULAR DEMOCRÁTICO
Moca 036,5930,David Bernier,PARTIDO POPULAR DEMOCRÁTICO
Moca 037,771,David Bernier,PARTIDO POPULAR DEMOCRÁTICO
Aguada 038,7459,David Bernier,PARTIDO POPULAR DEMOCRÁTICO
Rincón 039,,David Bernier,PARTIDO POPULAR DEMOCRÁTICO
Añasco 040,5690,David Bernier,PARTIDO POPULAR DEMOCRÁTICO
Mayagüez 041,,David Bernier,PARTIDO POPULAR DEMOCRÁTICO
Mayagüez 042,,David Bernier,PARTIDO POPULAR DEMOCRÁTICO
San Germán 043,1523,David Bernier,PARTIDO POPULAR DEMOCRÁTICO
San Germán 044,,David Bernier,PARTIDO POPULAR DEMOCRÁTICO
Hormigueros 045,,David Bernier,PARTIDO POPULAR DEMOCRÁTICO
Cabo Rojo 046,,David Bernier,PARTIDO POPULAR DEMOCRÁTICO
Lajas 047,,David Bernier,PARTIDO POPULAR DEMOCRÁTICO
Guánica 048,3847,David Bernier,PARTIDO POPULAR DEMOCRÁTICO
Sabana Grande 049,,David Bernier,PARTIDO POPULAR DEMOCRÁTICO
Maricao 050,1387,David Bernier,PARTIDO POPULAR DEMOCRÁTICO
Yauco 051,2609,David Bernier,PARTIDO POPULAR DEMOCRÁTICO
Yauco 052,4678,David Bernier,PARTIDO POPULAR DEMOCRÁTICO
Lares 053,6319,David Bernier,PARTIDO POPULAR DEMOCRÁTICO
Utuado 054,6431,David Bernier,PARTIDO POPULAR DEMOCRÁTICO
Adjuntas 055,3907,David Bernier,PARTIDO POPULAR DEMOCRÁTICO
Jayuya 056,1720,David Bernier,PARTIDO POPULAR DEMOCRÁTICO
Jayuya 057,,David Bernier,PARTIDO POPULAR DEMOCRÁTICO
Guayanilla 058,,David Bernier,PARTIDO POPULAR DEMOCRÁTICO
Peñuelas 059,4370,David Bernier,PARTIDO POPULAR DEMOCRÁTICO
Ponce 060,2477,David Bernier,PARTIDO POPULAR DEMOCRÁTICO
Ponce 061,13150,David Bernier,PARTIDO POPULAR DEMOCRÁTICO
Ponce 062,7282,David Bernier,PARTIDO POPULAR DEMOCRÁTICO
Juana Díaz 063,5268,David Bernier,PARTIDO POPULAR DEMOCRÁTICO
Juana Díaz 064,2897,David Bernier,PARTIDO POPULAR DEMOCRÁTICO
Villalba 065,6444,David Bernier,PARTIDO POPULAR DEMOCRÁTICO
Orocovis 066,5166,David Bernier,PARTIDO POPULAR DEMOCRÁTICO
Santa Isabel 067,4094,David Bernier,PARTIDO POPULAR DEMOCRÁTICO
Coamo 068,3312,David Bernier,PARTIDO POPULAR DEMOCRÁTICO
Aibonito 069,,David Bernier,PARTIDO POPULAR DEMOCRÁTICO
Barranquitas 070,4896,David Bernier,PARTIDO POPULAR DEMOCRÁTICO
Barranquitas 071,843,David Bernier,PARTIDO POPULAR DEMOCRÁTICO
Corozal 072,7693,David Bernier,PARTIDO POPULAR DEMOCRÁTICO
Naranjito 073,,David Bernier,PARTIDO POPULAR DEMOCRÁTICO
Comerío 074,,David Bernier,PARTIDO POPULAR DEMOCRÁTICO
Coamo 075,,David Bernier,PARTIDO POPULAR DEMOCRÁTICO
Cidra 076,6972,David Bernier,PARTIDO POPULAR DEMOCRÁTICO
Cayey 077,,David Bernier,PARTIDO POPULAR DEMOCRÁTICO
Salinas 078,,David Bernier,PARTIDO POPULAR DEMOCRÁTICO
Guayama 079,,David Bernier,PARTIDO POPULAR DEMOCRÁTICO
Arroyo 080,,David Bernier,PARTIDO POPULAR DEMOCRÁTICO
Aguas Buenas 081,4403,David Bernier,PARTIDO POPULAR DEMOCRÁTICO
Caguas 082,,David Bernier,PARTIDO POPULAR DEMOCRÁTICO
Caguas 083,,David Bernier,PARTIDO POPULAR DEMOCRÁTICO
Gurabo 084,6532,David Bernier,PARTIDO POPULAR DEMOCRÁTICO
Salinas 085,,David Bernier,PARTIDO POPULAR DEMOCRÁTICO
San Lorenzo 086,3637,David Bernier,PARTIDO POPULAR DEMOCRÁTICO
San Lorenzo 087,4012,David Bernier,PARTIDO POPULAR DEMOCRÁTICO
Juncos 088,6571,David Bernier,PARTIDO POPULAR DEMOCRÁTICO
Las Piedras 089,4493,David Bernier,PARTIDO POPULAR DEMOCRÁTICO
Las Piedras 090,,David Bernier,PARTIDO POPULAR DEMOCRÁTICO
Patillas 091,,David Bernier,PARTIDO POPULAR DEMOCRÁTICO
Maunabo 092,,David Bernier,PARTIDO POPULAR DEMOCRÁTICO
Yabucoa 093,7999,David Bernier,PARTIDO POPULAR DEMOCRÁTICO
Humacao 094,,David Bernier,PARTIDO POPULAR DEMOCRÁTICO
Naguabo 095,3952,David Bernier,PARTIDO POPULAR DEMOCRÁTICO
Vieques 096,,David Bernier,PARTIDO POPULAR DEMOCRÁTICO
Culebra 097,,David Bernier,PARTIDO POPULAR DEMOCRÁTICO
Ceiba 098,1941,David Bernier,PARTIDO POPULAR DEMOCRÁTICO
Fajardo 099,4096,David Bernier,PARTIDO POPULAR DEMOCRÁTICO
Luquillo 100,3448,David Bernier,PARTIDO POPULAR DEMOCRÁTICO
Río Grande 101,1398,David Bernier,PARTIDO POPULAR DEMOCRÁTICO
Río Grande 102,5871,David Bernier,PARTIDO POPULAR DEMOCRÁTICO
Loíza 103,3797,David Bernier,PARTIDO POPULAR DEMOCRÁTICO
Canóvanas 104,3201,David Bernier,PARTIDO POPULAR DEMOCRÁTICO
Canóvanas 105,3350,David Bernier,PARTIDO POPULAR DEMOCRÁTICO
Carolina 106,5805,David Bernier,PARTIDO POPULAR DEMOCRÁTICO
Carolina 107,,David Bernier,PARTIDO POPULAR DEMOCRÁTICO
Carolina 108,,David Bernier,PARTIDO POPULAR DEMOCRÁTICO
Trujillo Alto 109,,David Bernier,PARTIDO POPULAR DEMOCRÁTICO
Trujillo Alto 110,,David Bernier,PARTIDO POPULAR DEMOCRÁTICO
San Juan 001,1965,Manuel Cidre,INDEPENDIENTE
San Juan 002,1860,Manuel Cidre,INDEPENDIENTE
San Juan 003,2037,Manuel Cidre,INDEPENDIENTE
San Juan 004,3722,Manuel Cidre,INDEPENDIENTE
San Juan 005,838,Manuel Cidre,INDEPENDIENTE
Guaynabo 006,1504,Manuel Cidre,INDEPENDIENTE
Guaynabo 007,2537,Manuel Cidre,INDEPENDIENTE
Cataño 008,690,Manuel Cidre,INDEPENDIENTE
Bayamón 009,117,Manuel Cidre,INDEPENDIENTE
Bayamón 010,2457,Manuel Cidre,INDEPENDIENTE
Bayamón 011,2455,Manuel Cidre,INDEPENDIENTE
Bayamón 012,409,Manuel Cidre,INDEPENDIENTE
Toa Alta 013,2083,Manuel Cidre,INDEPENDIENTE
Toa Baja 014,2444,Manuel Cidre,INDEPENDIENTE
Dorado 015,1296,Manuel Cidre,INDEPENDIENTE
Vega Alta 016,696,Manuel Cidre,INDEPENDIENTE
Vega Alta 017,188,Manuel Cidre,INDEPENDIENTE
Vega Baja 018,695,Manuel Cidre,INDEPENDIENTE
Vega Baja 019,1011,Manuel Cidre,INDEPENDIENTE
Morovis 020,569,Manuel Cidre,INDEPENDIENTE
Manatí 021,727,Manuel Cidre,INDEPENDIENTE
Manatí 022,613,Manuel Cidre,INDEPENDIENTE
Ciales 023,389,Manuel Cidre,INDEPENDIENTE
Florida 024,382,Manuel Cidre,INDEPENDIENTE
Barceloneta 025,800,Manuel Cidre,INDEPENDIENTE
Arecibo 026,478,Manuel Cidre,INDEPENDIENTE
Arecibo 027,2811,Manuel Cidre,INDEPENDIENTE
Hatillo 028,331,Manuel Cidre,INDEPENDIENTE
Hatillo 029,994,Manuel Cidre,INDEPENDIENTE
Camuy 030,949,Manuel Cidre,INDEPENDIENTE
Quebradillas 031,668,Manuel Cidre,INDEPENDIENTE
Isabela 032,956,Manuel Cidre,INDEPENDIENTE
San Sebastián 033,981,Manuel Cidre,INDEPENDIENTE
Las Marías 034,157,Manuel Cidre,INDEPENDIENTE
Aguadilla 035,1192,Manuel Cidre,INDEPENDIENTE
Moca 036,636,Manuel Cidre,INDEPENDIENTE
Moca 037,125,Manuel Cidre,INDEPENDIENTE
Aguada 038,1100,Manuel Cidre,INDEPENDIENTE
Rincón 039,341,Manuel Cidre,INDEPENDIENTE
Añasco 040,537,Manuel Cidre,INDEPENDIENTE
Mayagüez 041,49,Manuel Cidre,INDEPENDIENTE
Mayagüez 042,1616,Manuel Cidre,INDEPENDIENTE
San Germán 043,185,Manuel Cidre,INDEPENDIENTE
San Germán 044,621,Manuel Cidre,INDEPENDIENTE
Hormigueros 045,417,Manuel Cidre,INDEPENDIENTE
Cabo Rojo 046,1151,Manuel Cidre,INDEPENDIENTE
Lajas 047,468,Manuel Cidre,INDEPENDIENTE
Guánica 048,281,Manuel Cidre,INDEPENDIENTE
Sabana Grande 049,447,Manuel Cidre,INDEPENDIENTE
Maricao 050,106,Manuel Cidre,INDEPENDIENTE
Yauco 051,321,Manuel Cidre,INDEPENDIENTE
Yauco 052,601,Manuel Cidre,INDEPENDIENTE
Lares 053,634,Manuel Cidre,INDEPENDIENTE
Utuado 054,635,Manuel Cidre,INDEPENDIENTE
Adjuntas 055,400,Manuel Cidre,INDEPENDIENTE
Jayuya 056,79,Manuel Cidre,INDEPENDIENTE
Jayuya 057,122,Manuel Cidre,INDEPENDIENTE
Guayanilla 058,406,Manuel Cidre,INDEPENDIENTE
Peñuelas 059,464,Manuel Cidre,INDEPENDIENTE
Ponce 060,484,Manuel Cidre,INDEPENDIENTE
Ponce 061,2228,Manuel Cidre,INDEPENDIENTE
Ponce 062,1376,Manuel Cidre,INDEPENDIENTE
Juana Díaz 063,636,Manuel Cidre,INDEPENDIENTE
Juana Díaz 064,306,Manuel Cidre,INDEPENDIENTE
Villalba 065,354,Manuel Cidre,INDEPENDIENTE
Orocovis 066,339,Manuel Cidre,INDEPENDIENTE
Santa Isabel 067,445,Manuel Cidre,INDEPENDIENTE
Coamo 068,233,Manuel Cidre,INDEPENDIENTE
Aibonito 069,692,Manuel Cidre,INDEPENDIENTE
Barranquitas 070,305,Manuel Cidre,INDEPENDIENTE
Barranquitas 071,133,Manuel Cidre,INDEPENDIENTE
Corozal 072,742,Manuel Cidre,INDEPENDIENTE
Naranjito 073,515,Manuel Cidre,INDEPENDIENTE
Comerío 074,279,Manuel Cidre,INDEPENDIENTE
Coamo 075,342,Manuel Cidre,INDEPENDIENTE
Cidra 076,1195,Manuel Cidre,INDEPENDIENTE
Cayey 077,1148,Manuel Cidre,INDEPENDIENTE
Salinas 078,433,Manuel Cidre,INDEPENDIENTE
Guayama 079,769,Manuel Cidre,INDEPENDIENTE
Arroyo 080,214,Manuel Cidre,INDEPENDIENTE
Aguas Buenas 081,722,Manuel Cidre,INDEPENDIENTE
Caguas 082,1585,Manuel Cidre,INDEPENDIENTE
Caguas 083,2553,Manuel Cidre,INDEPENDIENTE
Gurabo 084,1252,Manuel Cidre,INDEPENDIENTE
Salinas 085,55,Manuel Cidre,INDEPENDIENTE
San Lorenzo 086,515,Manuel Cidre,INDEPENDIENTE
San Lorenzo 087,465,Manuel Cidre,INDEPENDIENTE
Juncos 088,860,Manuel Cidre,INDEPENDIENTE
Las Piedras 089,812,Manuel Cidre,INDEPENDIENTE
Las Piedras 090,168,Manuel Cidre,INDEPENDIENTE
Patillas 091,228,Manuel Cidre,INDEPENDIENTE
Maunabo 092,155,Manuel Cidre,INDEPENDIENTE
Yabucoa 093,640,Manuel Cidre,INDEPENDIENTE
Humacao 094,1417,Manuel Cidre,INDEPENDIENTE
Naguabo 095,554,Manuel Cidre,INDEPENDIENTE
Vieques 096,208,Manuel Cidre,INDEPENDIENTE
Culebra 097,71,Manuel Cidre,INDEPENDIENTE
Ceiba 098,321,Manuel Cidre,INDEPENDIENTE
Fajardo 099,814,Manuel Cidre,INDEPENDIENTE
Luquillo 100,493,Manuel Cidre,INDEPENDIENTE
Río Grande 101,220,Manuel Cidre,INDEPENDIENTE
Río Grande 102,994,Manuel Cidre,INDEPENDIENTE
Loíza 103,482,Manuel Cidre,INDEPENDIENTE
Canóvanas 104,686,Manuel Cidre,INDEPENDIENTE
Canóvanas 105,474,Manuel Cidre,INDEPENDIENTE
Carolina 106,970,Manuel Cidre,INDEPENDIENTE
Carolina 107,1313,Manuel Cidre,INDEPENDIENTE
Carolina 108,2332,Manuel Cidre,INDEPENDIENTE
Trujillo Alto 109,1043,Manuel Cidre,INDEPENDIENTE
Trujillo Alto 110,1181,Manuel Cidre,INDEPENDIENTE
San Juan 001,1175,María De Lourdes Santiago,PARTIDO INDEPENDENTISTA PUERTORRIQUEÑO
San Juan 002,1353,María De Lourdes Santiago,PARTIDO INDEPENDENTISTA PUERTORRIQUEÑO
San Juan 003,1063,María De Lourdes Santiago,PARTIDO INDEPENDENTISTA PUERTORRIQUEÑO
San Juan 004,1407,María De Lourdes Santiago,PARTIDO INDEPENDENTISTA PUERTORRIQUEÑO
San Juan 005,319,María De Lourdes Santiago,PARTIDO INDEPENDENTISTA PUERTORRIQUEÑO
Guaynabo 006,322,María De Lourdes Santiago,PARTIDO INDEPENDENTISTA PUERTORRIQUEÑO
Guaynabo 007,632,María De Lourdes Santiago,PARTIDO INDEPENDENTISTA PUERTORRIQUEÑO
Cataño 008,226,María De Lourdes Santiago,PARTIDO INDEPENDENTISTA PUERTORRIQUEÑO
Bayamón 009,33,María De Lourdes Santiago,PARTIDO INDEPENDENTISTA PUERTORRIQUEÑO
Bayamón 010,843,María De Lourdes Santiago,PARTIDO INDEPENDENTISTA PUERTORRIQUEÑO
Bayamón 011,849,María De Lourdes Santiago,PARTIDO INDEPENDENTISTA PUERTORRIQUEÑO
Bayamón 012,115,María De Lourdes Santiago,PARTIDO INDEPENDENTISTA PUERTORRIQUEÑO
Toa Alta 013,587,María De Lourdes Santiago,PARTIDO INDEPENDENTISTA PUERTORRIQUEÑO
Toa Baja 014,759,María De Lourdes Santiago,PARTIDO INDEPENDENTISTA PUERTORRIQUEÑO
Dorado 015,363,María De Lourdes Santiago,PARTIDO INDEPENDENTISTA PUERTORRIQUEÑO
Vega Alta 016,213,María De Lourdes Santiago,PARTIDO INDEPENDENTISTA PUERTORRIQUEÑO
Vega Alta 017,71,María De Lourdes Santiago,PARTIDO INDEPENDENTISTA PUERTORRIQUEÑO
Vega Baja 018,205,María De Lourdes Santiago,PARTIDO INDEPENDENTISTA PUERTORRIQUEÑO
Vega Baja 019,247,María De Lourdes Santiago,PARTIDO INDEPENDENTISTA PUERTORRIQUEÑO
Morovis 020,145,María De Lourdes Santiago,PARTIDO INDEPENDENTISTA PUERTORRIQUEÑO
Manatí 021,131,María De Lourdes Santiago,PARTIDO INDEPENDENTISTA PUERTORRIQUEÑO
Manatí 022,171,María De Lourdes Santiago,PARTIDO INDEPENDENTISTA PUERTORRIQUEÑO
Ciales 023,113,María De Lourdes Santiago,PARTIDO INDEPENDENTISTA PUERTORRIQUEÑO
Florida 024,120,María De Lourdes Santiago,PARTIDO INDEPENDENTISTA PUERTORRIQUEÑO
Barceloneta 025,187,María De Lourdes Santiago,PARTIDO INDEPENDENTISTA PUERTORRIQUEÑO
Arecibo 026,105,María De Lourdes Santiago,PARTIDO INDEPENDENTISTA PUERTORRIQUEÑO
Arecibo 027,549,María De Lourdes Santiago,PARTIDO INDEPENDENTISTA PUERTORRIQUEÑO
Hatillo 028,46,María De Lourdes Santiago,PARTIDO INDEPENDENTISTA PUERTORRIQUEÑO
Hatillo 029,221,María De Lourdes Santiago,PARTIDO INDEPENDENTISTA PUERTORRIQUEÑO
Camuy 030,245,María De Lourdes Santiago,PARTIDO INDEPENDENTISTA PUERTORRIQUEÑO
Quebradillas 031,225,María De Lourdes Santiago,PARTIDO INDEPENDENTISTA PUERTORRIQUEÑO
Isabela 032,353,María De Lourdes Santiago,PARTIDO INDEPENDENTISTA PUERTORRIQUEÑO
San Sebastián 033,467,María De Lourdes Santiago,PARTIDO INDEPENDENTISTA PUERTORRIQUEÑO
Las Marías 034,75,María De Lourdes Santiago,PARTIDO INDEPENDENTISTA PUERTORRIQUEÑO
Aguadilla 035,462,María De Lourdes Santiago,PARTIDO INDEPENDENTISTA PUERTORRIQUEÑO
Moca 036,231,María De Lourdes Santiago,PARTIDO INDEPENDENTISTA PUERTORRIQUEÑO
Moca 037,20,María De Lourdes Santiago,PARTIDO INDEPENDENTISTA PUERTORRIQUEÑO
Aguada 038,333,María De Lourdes Santiago,PARTIDO INDEPENDENTISTA PUERTORRIQUEÑO
Rincón 039,105,María De Lourdes Santiago,PARTIDO INDEPENDENTISTA PUERTORRIQUEÑO
Añasco 040,168,María De Lourdes Santiago,PARTIDO INDEPENDENTISTA PUERTORRIQUEÑO
Mayagüez 041,19,María De Lourdes Santiago,PARTIDO INDEPENDENTISTA PUERTORRIQUEÑO
Mayagüez 042,799,María De Lourdes Santiago,PARTIDO INDEPENDENTISTA PUERTORRIQUEÑO
San Germán 043,78,María De Lourdes Santiago,PARTIDO INDEPENDENTISTA PUERTORRIQUEÑO
San Germán 044,265,María De Lourdes Santiago,PARTIDO INDEPENDENTISTA PUERTORRIQUEÑO
Hormigueros 045,201,María De Lourdes Santiago,PARTIDO INDEPENDENTISTA PUERTORRIQUEÑO
Cabo Rojo 046,626,María De Lourdes Santiago,PARTIDO INDEPENDENTISTA PUERTORRIQUEÑO
Lajas 047,200,María De Lourdes Santiago,PARTIDO INDEPENDENTISTA PUERTORRIQUEÑO
Guánica 048,157,María De Lourdes Santiago,PARTIDO INDEPENDENTISTA PUERTORRIQUEÑO
Sabana Grande 049,223,María De Lourdes Santiago,PARTIDO INDEPENDENTISTA PUERTORRIQUEÑO
Maricao 050,42,María De Lourdes Santiago,PARTIDO INDEPENDENTISTA PUERTORRIQUEÑO
Yauco 051,158,María De Lourdes Santiago,PARTIDO INDEPENDENTISTA PUERTORRIQUEÑO
Yauco 052,272,María De Lourdes Santiago,PARTIDO INDEPENDENTISTA PUERTORRIQUEÑO
Lares 053,276,María De Lourdes Santiago,PARTIDO INDEPENDENTISTA PUERTORRIQUEÑO
Utuado 054,204,María De Lourdes Santiago,PARTIDO INDEPENDENTISTA PUERTORRIQUEÑO
Adjuntas 055,147,María De Lourdes Santiago,PARTIDO INDEPENDENTISTA PUERTORRIQUEÑO
Jayuya 056,60,María De Lourdes Santiago,PARTIDO INDEPENDENTISTA PUERTORRIQUEÑO
Jayuya 057,65,María De Lourdes Santiago,PARTIDO INDEPENDENTISTA PUERTORRIQUEÑO
Guayanilla 058,308,María De Lourdes Santiago,PARTIDO INDEPENDENTISTA PUERTORRIQUEÑO
Peñuelas 059,464,María De Lourdes Santiago,PARTIDO INDEPENDENTISTA PUERTORRIQUEÑO
Ponce 060,173,María De Lourdes Santiago,PARTIDO INDEPENDENTISTA PUERTORRIQUEÑO
Ponce 061,1037,María De Lourdes Santiago,PARTIDO INDEPENDENTISTA PUERTORRIQUEÑO
Ponce 062,531,María De Lourdes Santiago,PARTIDO INDEPENDENTISTA PUERTORRIQUEÑO
Juana Díaz 063,230,María De Lourdes Santiago,PARTIDO INDEPENDENTISTA PUERTORRIQUEÑO
Juana Díaz 064,145,María De Lourdes Santiago,PARTIDO INDEPENDENTISTA PUERTORRIQUEÑO
Villalba 065,159,María De Lourdes Santiago,PARTIDO INDEPENDENTISTA PUERTORRIQUEÑO
Orocovis 066,129,María De Lourdes Santiago,PARTIDO INDEPENDENTISTA PUERTORRIQUEÑO
Santa Isabel 067,148,María De Lourdes Santiago,PARTIDO INDEPENDENTISTA PUERTORRIQUEÑO
Coamo 068,92,María De Lourdes Santiago,PARTIDO INDEPENDENTISTA PUERTORRIQUEÑO
Aibonito 069,282,María De Lourdes Santiago,PARTIDO INDEPENDENTISTA PUERTORRIQUEÑO
Barranquitas 070,199,María De Lourdes Santiago,PARTIDO INDEPENDENTISTA PUERTORRIQUEÑO
Barranquitas 071,46,María De Lourdes Santiago,PARTIDO INDEPENDENTISTA PUERTORRIQUEÑO
Corozal 072,211,María De Lourdes Santiago,PARTIDO INDEPENDENTISTA PUERTORRIQUEÑO
Naranjito 073,281,María De Lourdes Santiago,PARTIDO INDEPENDENTISTA PUERTORRIQUEÑO
Comerío 074,194,María De Lourdes Santiago,PARTIDO INDEPENDENTISTA PUERTORRIQUEÑO
Coamo 075,129,María De Lourdes Santiago,PARTIDO INDEPENDENTISTA PUERTORRIQUEÑO
Cidra 076,495,María De Lourdes Santiago,PARTIDO INDEPENDENTISTA PUERTORRIQUEÑO
Cayey 077,503,María De Lourdes Santiago,PARTIDO INDEPENDENTISTA PUERTORRIQUEÑO
Salinas 078,179,María De Lourdes Santiago,PARTIDO INDEPENDENTISTA PUERTORRIQUEÑO
Guayama 079,384,María De Lourdes Santiago,PARTIDO INDEPENDENTISTA PUERTORRIQUEÑO
Arroyo 080,204,María De Lourdes Santiago,PARTIDO INDEPENDENTISTA PUERTORRIQUEÑO
Aguas Buenas 081,423,María De Lourdes Santiago,PARTIDO INDEPENDENTISTA PUERTORRIQUEÑO
Caguas 082,589,María De Lourdes Santiago,PARTIDO INDEPENDENTISTA PUERTORRIQUEÑO
Caguas 083,950,María De Lourdes Santiago,PARTIDO INDEPENDENTISTA PUERTORRIQUEÑO
Gurabo 084,383,María De Lourdes Santiago,PARTIDO INDEPENDENTISTA PUERTORRIQUEÑO
Salinas 085,27,María De Lourdes Santiago,PARTIDO INDEPENDENTISTA PUERTORRIQUEÑO
San Lorenzo 086,170,María De Lourdes Santiago,PARTIDO INDEPENDENTISTA PUERTORRIQUEÑO
San Lorenzo 087,115,María De Lourdes Santiago,PARTIDO INDEPENDENTISTA PUERTORRIQUEÑO
Juncos 088,277,María De Lourdes Santiago,PARTIDO INDEPENDENTISTA PUERTORRIQUEÑO
Las Piedras 089,236,María De Lourdes Santiago,PARTIDO INDEPENDENTISTA PUERTORRIQUEÑO
Las Piedras 090,23,María De Lourdes Santiago,PARTIDO INDEPENDENTISTA PUERTORRIQUEÑO
Patillas 091,144,María De Lourdes Santiago,PARTIDO INDEPENDENTISTA PUERTORRIQUEÑO
Maunabo 092,156,María De Lourdes Santiago,PARTIDO INDEPENDENTISTA PUERTORRIQUEÑO
Yabucoa 093,276,María De Lourdes Santiago,PARTIDO INDEPENDENTISTA PUERTORRIQUEÑO
Humacao 094,402,María De Lourdes Santiago,PARTIDO INDEPENDENTISTA PUERTORRIQUEÑO
Naguabo 095,153,María De Lourdes Santiago,PARTIDO INDEPENDENTISTA PUERTORRIQUEÑO
Vieques 096,109,María De Lourdes Santiago,PARTIDO INDEPENDENTISTA PUERTORRIQUEÑO
Culebra 097,34,María De Lourdes Santiago,PARTIDO INDEPENDENTISTA PUERTORRIQUEÑO
Ceiba 098,97,María De Lourdes Santiago,PARTIDO INDEPENDENTISTA PUERTORRIQUEÑO
Fajardo 099,223,María De Lourdes Santiago,PARTIDO INDEPENDENTISTA PUERTORRIQUEÑO
Luquillo 100,177,María De Lourdes Santiago,PARTIDO INDEPENDENTISTA PUERTORRIQUEÑO
Río Grande 101,72,María De Lourdes Santiago,PARTIDO INDEPENDENTISTA PUERTORRIQUEÑO
Río Grande 102,312,María De Lourdes Santiago,PARTIDO INDEPENDENTISTA PUERTORRIQUEÑO
Loíza 103,166,María De Lourdes Santiago,PARTIDO INDEPENDENTISTA PUERTORRIQUEÑO
Canóvanas 104,139,María De Lourdes Santiago,PARTIDO INDEPENDENTISTA PUERTORRIQUEÑO
Canóvanas 105,182,María De Lourdes Santiago,PARTIDO INDEPENDENTISTA PUERTORRIQUEÑO
Carolina 106,290,María De Lourdes Santiago,PARTIDO INDEPENDENTISTA PUERTORRIQUEÑO
Carolina 107,436,María De Lourdes Santiago,PARTIDO INDEPENDENTISTA PUERTORRIQUEÑO
Carolina 108,743,María De Lourdes Santiago,PARTIDO INDEPENDENTISTA PUERTORRIQUEÑO
Trujillo Alto 109,448,María De Lourdes Santiago,PARTIDO INDEPENDENTISTA PUERTORRIQUEÑO
Trujillo Alto 110,408,María De Lourdes Santiago,PARTIDO INDEPENDENTISTA PUERTORRIQUEÑO
San Juan 001,337,Rafael Bernabe Riefkohl,PARTIDO PUEBLO TRABAJADOR
San Juan 002,327,Rafael Bernabe Riefkohl,PARTIDO PUEBLO TRABAJADOR
San Juan 003,256,Rafael Bernabe Riefkohl,PARTIDO PUEBLO TRABAJADOR
San Juan 004,310,Rafael Bernabe Riefkohl,PARTIDO PUEBLO TRABAJADOR
San Juan 005,68,Rafael Bernabe Riefkohl,PARTIDO PUEBLO TRABAJADOR
Guaynabo 006,73,Rafael Bernabe Riefkohl,PARTIDO PUEBLO TRABAJADOR
Guaynabo 007,167,Rafael Bernabe Riefkohl,PARTIDO PUEBLO TRABAJADOR
Cataño 008,38,Rafael Bernabe Riefkohl,PARTIDO PUEBLO TRABAJADOR
Bayamón 009,8,Rafael Bernabe Riefkohl,PARTIDO PUEBLO TRABAJADOR
Bayamón 010,146,Rafael Bernabe Riefkohl,PARTIDO PUEBLO TRABAJADOR
Bayamón 011,167,Rafael Bernabe Riefkohl,PARTIDO PUEBLO TRABAJADOR
Bayamón 012,19,Rafael Bernabe Riefkohl,PARTIDO PUEBLO TRABAJADOR
Toa Alta 013,91,Rafael Bernabe Riefkohl,PARTIDO PUEBLO TRABAJADOR
Toa Baja 014,141,Rafael Bernabe Riefkohl,PARTIDO PUEBLO TRABAJADOR
Dorado 015,42,Rafael Bernabe Riefkohl,PARTIDO PUEBLO TRABAJADOR
Vega Alta 016,31,Rafael Bernabe Riefkohl,PARTIDO PUEBLO TRABAJADOR
Vega Alta 017,8,Rafael Bernabe Riefkohl,PARTIDO PUEBLO TRABAJADOR
Vega Baja 018,31,Rafael Bernabe Riefkohl,PARTIDO PUEBLO TRABAJADOR
Vega Baja 019,41,Rafael Bernabe Riefkohl,PARTIDO PUEBLO TRABAJADOR
Morovis 020,23,Rafael Bernabe Riefkohl,PARTIDO PUEBLO TRABAJADOR
Manatí 021,16,Rafael Bernabe Riefkohl,PARTIDO PUEBLO TRABAJADOR
Manatí 022,18,Rafael Bernabe Riefkohl,PARTIDO PUEBLO TRABAJADOR
Ciales 023,23,Rafael Bernabe Riefkohl,PARTIDO PUEBLO TRABAJADOR
Florida 024,14,Rafael Bernabe Riefkohl,PARTIDO PUEBLO TRABAJADOR
Barceloneta 025,15,Rafael Bernabe Riefkohl,PARTIDO PUEBLO TRABAJADOR
Arecibo 026,9,Rafael Bernabe Riefkohl,PARTIDO PUEBLO TRABAJADOR
Arecibo 027,63,Rafael Bernabe Riefkohl,PARTIDO PUEBLO TRABAJADOR
Hatillo 028,6,Rafael Bernabe Riefkohl,PARTIDO PUEBLO TRABAJADOR
Hatillo 029,34,Rafael Bernabe Riefkohl,PARTIDO PUEBLO TRABAJADOR
Camuy 030,26,Rafael Bernabe Riefkohl,PARTIDO PUEBLO TRABAJADOR
Quebradillas 031,24,Rafael Bernabe Riefkohl,PARTIDO PUEBLO TRABAJADOR
Isabela 032,37,Rafael Bernabe Riefkohl,PARTIDO PUEBLO TRABAJADOR
San Sebastián 033,47,Rafael Bernabe Riefkohl,PARTIDO PUEBLO TRABAJADOR
Las Marías 034,5,Rafael Bernabe Riefkohl,PARTIDO PUEBLO TRABAJADOR
Aguadilla 035,65,Rafael Bernabe Riefkohl,PARTIDO PUEBLO TRABAJADOR
Moca 036,33,Rafael Bernabe Riefkohl,PARTIDO PUEBLO TRABAJADOR
Moca 037,5,Rafael Bernabe Riefkohl,PARTIDO PUEBLO TRABAJADOR
Aguada 038,44,Rafael Bernabe Riefkohl,PARTIDO PUEBLO TRABAJADOR
Rincón 039,15,Rafael Bernabe Riefkohl,PARTIDO PUEBLO TRABAJADOR
Añasco 040,19,Rafael Bernabe Riefkohl,PARTIDO PUEBLO TRABAJADOR
Mayagüez 041,4,Rafael Bernabe Riefkohl,PARTIDO PUEBLO TRABAJADOR
Mayagüez 042,112,Rafael Bernabe Riefkohl,PARTIDO PUEBLO TRABAJADOR
San Germán 043,4,Rafael Bernabe Riefkohl,PARTIDO PUEBLO TRABAJADOR
San Germán 044,26,Rafael Bernabe Riefkohl,PARTIDO PUEBLO TRABAJADOR
Hormigueros 045,18,Rafael Bernabe Riefkohl,PARTIDO PUEBLO TRABAJADOR
Cabo Rojo 046,63,Rafael Bernabe Riefkohl,PARTIDO PUEBLO TRABAJADOR
Lajas 047,28,Rafael Bernabe Riefkohl,PARTIDO PUEBLO TRABAJADOR
Guánica 048,10,Rafael Bernabe Riefkohl,PARTIDO PUEBLO TRABAJADOR
Sabana Grande 049,15,Rafael Bernabe Riefkohl,PARTIDO PUEBLO TRABAJADOR
Maricao 050,5,Rafael Bernabe Riefkohl,PARTIDO PUEBLO TRABAJADOR
Yauco 051,11,Rafael Bernabe Riefkohl,PARTIDO PUEBLO TRABAJADOR
Yauco 052,29,Rafael Bernabe Riefkohl,PARTIDO PUEBLO TRABAJADOR
Lares 053,30,Rafael Bernabe Riefkohl,PARTIDO PUEBLO TRABAJADOR
Utuado 054,33,Rafael Bernabe Riefkohl,PARTIDO PUEBLO TRABAJADOR
Adjuntas 055,15,Rafael Bernabe Riefkohl,PARTIDO PUEBLO TRABAJADOR
Jayuya 056,4,Rafael Bernabe Riefkohl,PARTIDO PUEBLO TRABAJADOR
Jayuya 057,10,Rafael Bernabe Riefkohl,PARTIDO PUEBLO TRABAJADOR
Guayanilla 058,15,Rafael Bernabe Riefkohl,PARTIDO PUEBLO TRABAJADOR
Peñuelas 059,18,Rafael Bernabe Riefkohl,PARTIDO PUEBLO TRABAJADOR
Ponce 060,23,Rafael Bernabe Riefkohl,PARTIDO PUEBLO TRABAJADOR
Ponce 061,177,Rafael Bernabe Riefkohl,PARTIDO PUEBLO TRABAJADOR
Ponce 062,95,Rafael Bernabe Riefkohl,PARTIDO PUEBLO TRABAJADOR
Juana Díaz 063,31,Rafael Bernabe Riefkohl,PARTIDO PUEBLO TRABAJADOR
Juana Díaz 064,16,Rafael Bernabe Riefkohl,PARTIDO PUEBLO TRABAJADOR
Villalba 065,10,Rafael Bernabe Riefkohl,PARTIDO PUEBLO TRABAJADOR
Orocovis 066,25,Rafael Bernabe Riefkohl,PARTIDO PUEBLO TRABAJADOR
Santa Isabel 067,17,Rafael Bernabe Riefkohl,PARTIDO PUEBLO TRABAJADOR
Coamo 068,8,Rafael Bernabe Riefkohl,PARTIDO PUEBLO TRABAJADOR
Aibonito 069,20,Rafael Bernabe Riefkohl,PARTIDO PUEBLO TRABAJADOR
Barranquitas 070,14,Rafael Bernabe Riefkohl,PARTIDO PUEBLO TRABAJADOR
Barranquitas 071,4,Rafael Bernabe Riefkohl,PARTIDO PUEBLO TRABAJADOR
Corozal 072,22,Rafael Bernabe Riefkohl,PARTIDO PUEBLO TRABAJADOR
Naranjito 073,24,Rafael Bernabe Riefkohl,PARTIDO PUEBLO TRABAJADOR
Comerío 074,29,Rafael Bernabe Riefkohl,PARTIDO PUEBLO TRABAJADOR
Coamo 075,17,Rafael Bernabe Riefkohl,PARTIDO PUEBLO TRABAJADOR
Cidra 076,54,Rafael Bernabe Riefkohl,PARTIDO PUEBLO TRABAJADOR
Cayey 077,62,Rafael Bernabe Riefkohl,PARTIDO PUEBLO TRABAJADOR
Salinas 078,17,Rafael Bernabe Riefkohl,PARTIDO PUEBLO TRABAJADOR
Guayama 079,36,Rafael Bernabe Riefkohl,PARTIDO PUEBLO TRABAJADOR
Arroyo 080,7,Rafael Bernabe Riefkohl,PARTIDO PUEBLO TRABAJADOR
Aguas Buenas 081,42,Rafael Bernabe Riefkohl,PARTIDO PUEBLO TRABAJADOR
Caguas 082,114,Rafael Bernabe Riefkohl,PARTIDO PUEBLO TRABAJADOR
Caguas 083,162,Rafael Bernabe Riefkohl,PARTIDO PUEBLO TRABAJADOR
Gurabo 084,81,Rafael Bernabe Riefkohl,PARTIDO PUEBLO TRABAJADOR
Salinas 085,7,Rafael Bernabe Riefkohl,PARTIDO PUEBLO TRABAJADOR
San Lorenzo 086,26,Rafael Bernabe Riefkohl,PARTIDO PUEBLO TRABAJADOR
San Lorenzo 087,22,Rafael Bernabe Riefkohl,PARTIDO PUEBLO TRABAJADOR
Juncos 088,44,Rafael Bernabe Riefkohl,PARTIDO PUEBLO TRABAJADOR
Las Piedras 089,27,Rafael Bernabe Riefkohl,PARTIDO PUEBLO TRABAJADOR
Las Piedras 090,9,Rafael Bernabe Riefkohl,PARTIDO PUEBLO TRABAJADOR
Patillas 091,14,Rafael Bernabe Riefkohl,PARTIDO PUEBLO TRABAJADOR
Maunabo 092,9,Rafael Bernabe Riefkohl,PARTIDO PUEBLO TRABAJADOR
Yabucoa 093,22,Rafael Bernabe Riefkohl,PARTIDO PUEBLO TRABAJADOR
Humacao 094,93,Rafael Bernabe Riefkohl,PARTIDO PUEBLO TRABAJADOR
Naguabo 095,18,Rafael Bernabe Riefkohl,PARTIDO PUEBLO TRABAJADOR
Vieques 096,13,Rafael Bernabe Riefkohl,PARTIDO PUEBLO TRABAJADOR
Culebra 097,8,Rafael Bernabe Riefkohl,PARTIDO PUEBLO TRABAJADOR
Ceiba 098,18,Rafael Bernabe Riefkohl,PARTIDO PUEBLO TRABAJADOR
Fajardo 099,36,Rafael Bernabe Riefkohl,PARTIDO PUEBLO TRABAJADOR
Luquillo 100,19,Rafael Bernabe Riefkohl,PARTIDO PUEBLO TRABAJADOR
Río Grande 101,13,Rafael Bernabe Riefkohl,PARTIDO PUEBLO TRABAJADOR
Río Grande 102,50,Rafael Bernabe Riefkohl,PARTIDO PUEBLO TRABAJADOR
Loíza 103,36,Rafael Bernabe Riefkohl,PARTIDO PUEBLO TRABAJADOR
Canóvanas 104,24,Rafael Bernabe Riefkohl,PARTIDO PUEBLO TRABAJADOR
Canóvanas 105,29,Rafael Bernabe Riefkohl,PARTIDO PUEBLO TRABAJADOR
Carolina 106,79,Rafael Bernabe Riefkohl,PARTIDO PUEBLO TRABAJADOR
Carolina 107,102,Rafael Bernabe Riefkohl,PARTIDO PUEBLO TRABAJADOR
Carolina 108,159,Rafael Bernabe Riefkohl,PARTIDO PUEBLO TRABAJADOR
Trujillo Alto 109,70,Rafael Bernabe Riefkohl,PARTIDO PUEBLO TRABAJADOR
Trujillo Alto 110,84,Rafael Bernabe Riefkohl,PARTIDO PUEBLO TRABAJADOR
San Juan 001,14394,Ricardo Rosselló Nevares,
San Juan 002,,Ricardo Rosselló Nevares,
San Juan 003,13107,Ricardo Rosselló Nevares,
San Juan 004,,Ricardo Rosselló Nevares,
San Juan 005,,Ricardo Rosselló Nevares,
Guaynabo 006,7287,Ricardo Rosselló Nevares,
Guaynabo 007,10779,Ricardo Rosselló Nevares,
Cataño 008,5927,Ricardo Rosselló Nevares,
Bayamón 009,,Ricardo Rosselló Nevares,
Bayamón 010,16181,Ricardo Rosselló Nevares,
Bayamón 011,15499,Ricardo Rosselló Nevares,
Bayamón 012,3530,Ricardo Rosselló Nevares,
Toa Alta 013,11567,Ricardo Rosselló Nevares,
Toa Baja 014,14184,Ricardo Rosselló Nevares,
Dorado 015,,Ricardo Rosselló Nevares,
Vega Alta 016,5119,Ricardo Rosselló Nevares,
Vega Alta 017,,Ricardo Rosselló Nevares,
Vega Baja 018,,Ricardo Rosselló Nevares,
Vega Baja 019,,Ricardo Rosselló Nevares,
Morovis 020,,Ricardo Rosselló Nevares,
Manatí 021,4302,Ricardo Rosselló Nevares,
Manatí 022,5304,Ricardo Rosselló Nevares,
Ciales 023,5301,Ricardo Rosselló Nevares,
Florida 024,3237,Ricardo Rosselló Nevares,
Barceloneta 025,4907,Ricardo Rosselló Nevares,
Arecibo 026,2771,Ricardo Rosselló Nevares,
Arecibo 027,16941,Ricardo Rosselló Nevares,
Hatillo 028,2252,Ricardo Rosselló Nevares,
Hatillo 029,5837,Ricardo Rosselló Nevares,
Camuy 030,8645,Ricardo Rosselló Nevares,
Quebradillas 031,5805,Ricardo Rosselló Nevares,
Isabela 032,8456,Ricardo Rosselló Nevares,
San Sebastián 033,8764,Ricardo Rosselló Nevares,
Las Marías 034,3000,Ricardo Rosselló Nevares,
Aguadilla 035,11121,Ricardo Rosselló Nevares,
Moca 036,8365,Ricardo Rosselló Nevares,
Moca 037,1405,Ricardo Rosselló Nevares,
Aguada 038,9194,Ricardo Rosselló Nevares,
Rincón 039,,Ricardo Rosselló Nevares,
Añasco 040,6246,Ricardo Rosselló Nevares,
Mayagüez 041,,Ricardo Rosselló Nevares,
Mayagüez 042,,Ricardo Rosselló Nevares,
San Germán 043,1764,Ricardo Rosselló Nevares,
San Germán 044,,Ricardo Rosselló Nevares,
Hormigueros 045,,Ricardo Rosselló Nevares,
Cabo Rojo 046,,Ricardo Rosselló Nevares,
Lajas 047,,Ricardo Rosselló Nevares,
Guánica 048,4251,Ricardo Rosselló Nevares,
Sabana Grande 049,,Ricardo Rosselló Nevares,
Maricao 050,1848,Ricardo Rosselló Nevares,
Yauco 051,3239,Ricardo Rosselló Nevares,
Yauco 052,4907,Ricardo Rosselló Nevares,
Lares 053,7686,Ricardo Rosselló Nevares,
Utuado 054,7571,Ricardo Rosselló Nevares,
Adjuntas 055,5451,Ricardo Rosselló Nevares,
Jayuya 056,1864,Ricardo Rosselló Nevares,
Jayuya 057,,Ricardo Rosselló Nevares,
Guayanilla 058,,Ricardo Rosselló Nevares,
Peñuelas 059,4562,Ricardo Rosselló Nevares,
Ponce 060,2776,Ricardo Rosselló Nevares,
Ponce 061,14712,Ricardo Rosselló Nevares,
Ponce 062,7878,Ricardo Rosselló Nevares,
Juana Díaz 063,5801,Ricardo Rosselló Nevares,
Juana Díaz 064,2901,Ricardo Rosselló Nevares,
Villalba 065,7246,Ricardo Rosselló Nevares,
Orocovis 066,6953,Ricardo Rosselló Nevares,
Santa Isabel 067,4557,Ricardo Rosselló Nevares,
Coamo 068,3498,Ricardo Rosselló Nevares,
Aibonito 069,,Ricardo Rosselló Nevares,
Barranquitas 070,5356,Ricardo Rosselló Nevares,
Barranquitas 071,1538,Ricardo Rosselló Nevares,
Corozal 072,8166,Ricardo Rosselló Nevares,
Naranjito 073,,Ricardo Rosselló Nevares,
Comerío 074,,Ricardo Rosselló Nevares,
Coamo 075,,Ricardo Rosselló Nevares,
Cidra 076,7965,Ricardo Rosselló Nevares,
Cayey 077,,Ricardo Rosselló Nevares,
Salinas 078,,Ricardo Rosselló Nevares,
Guayama 079,,Ricardo Rosselló Nevares,
Arroyo 080,,Ricardo Rosselló Nevares,
Aguas Buenas 081,5902,Ricardo Rosselló Nevares,
Caguas 082,,Ricardo Rosselló Nevares,
Caguas 083,,Ricardo Rosselló Nevares,
Gurabo 084,7780,Ricardo Rosselló Nevares,
Salinas 085,,Ricardo Rosselló Nevares,
San Lorenzo 086,3640,Ricardo Rosselló Nevares,
San Lorenzo 087,4314,Ricardo Rosselló Nevares,
Juncos 088,6608,Ricardo Rosselló Nevares,
Las Piedras 089,6612,Ricardo Rosselló Nevares,
Las Piedras 090,,Ricardo Rosselló Nevares,
Patillas 091,,Ricardo Rosselló Nevares,
Maunabo 092,,Ricardo Rosselló Nevares,
Yabucoa 093,8066,Ricardo Rosselló Nevares,
Humacao 094,,Ricardo Rosselló Nevares,
Naguabo 095,4901,Ricardo Rosselló Nevares,
Vieques 096,,Ricardo Rosselló Nevares,
Culebra 097,,Ricardo Rosselló Nevares,
Ceiba 098,2551,Ricardo Rosselló Nevares,
Fajardo 099,5938,Ricardo Rosselló Nevares,
Luquillo 100,3575,Ricardo Rosselló Nevares,
Río Grande 101,1414,Ricardo Rosselló Nevares,
Río Grande 102,7115,Ricardo Rosselló Nevares,
Loíza 103,5760,Ricardo Rosselló Nevares,
Canóvanas 104,3531,Ricardo Rosselló Nevares,
Canóvanas 105,4494,Ricardo Rosselló Nevares,
Carolina 106,5844,Ricardo Rosselló Nevares,
Carolina 107,,Ricardo Rosselló Nevares,
Carolina 108,,Ricardo Rosselló Nevares,
Trujillo Alto 109,,Ricardo Rosselló Nevares,
Trujillo Alto 110,,Ricardo Rosselló Nevares,
San Juan 001,,Ricardo Rosselló Nevares,PARTIDO NUEVO PROGRESISTA
San Juan 002,11910,Ricardo Rosselló Nevares,PARTIDO NUEVO PROGRESISTA
San Juan 003,,Ricardo Rosselló Nevares,PARTIDO NUEVO PROGRESISTA
San Juan 004,14301,Ricardo Rosselló Nevares,PARTIDO NUEVO PROGRESISTA
San Juan 005,4061,Ricardo Rosselló Nevares,PARTIDO NUEVO PROGRESISTA
Guaynabo 006,,Ricardo Rosselló Nevares,PARTIDO NUEVO PROGRESISTA
Guaynabo 007,,Ricardo Rosselló Nevares,PARTIDO NUEVO PROGRESISTA
Cataño 008,,Ricardo Rosselló Nevares,PARTIDO NUEVO PROGRESISTA
Bayamón 009,635,Ricardo Rosselló Nevares,PARTIDO NUEVO PROGRESISTA
Bayamón 010,,Ricardo Rosselló Nevares,PARTIDO NUEVO PROGRESISTA
Bayamón 011,,Ricardo Rosselló Nevares,PARTIDO NUEVO PROGRESISTA
Bayamón 012,,Ricardo Rosselló Nevares,PARTIDO NUEVO PROGRESISTA
Toa Alta 013,,Ricardo Rosselló Nevares,PARTIDO NUEVO PROGRESISTA
Toa Baja 014,,Ricardo Rosselló Nevares,PARTIDO NUEVO PROGRESISTA
Dorado 015,6443,Ricardo Rosselló Nevares,PARTIDO NUEVO PROGRESISTA
Vega Alta 016,,Ricardo Rosselló Nevares,PARTIDO NUEVO PROGRESISTA
Vega Alta 017,1389,Ricardo Rosselló Nevares,PARTIDO NUEVO PROGRESISTA
Vega Baja 018,4703,Ricardo Rosselló Nevares,PARTIDO NUEVO PROGRESISTA
Vega Baja 019,5161,Ricardo Rosselló Nevares,PARTIDO NUEVO PROGRESISTA
Morovis 020,6869,Ricardo Rosselló Nevares,PARTIDO NUEVO PROGRESISTA
Manatí 021,,Ricardo Rosselló Nevares,PARTIDO NUEVO PROGRESISTA
Manatí 022,,Ricardo Rosselló Nevares,PARTIDO NUEVO PROGRESISTA
Ciales 023,,Ricardo Rosselló Nevares,PARTIDO NUEVO PROGRESISTA
Florida 024,,Ricardo Rosselló Nevares,PARTIDO NUEVO PROGRESISTA
Barceloneta 025,,Ricardo Rosselló Nevares,PARTIDO NUEVO PROGRESISTA
Arecibo 026,,Ricardo Rosselló Nevares,PARTIDO NUEVO PROGRESISTA
Arecibo 027,,Ricardo Rosselló Nevares,PARTIDO NUEVO PROGRESISTA
Hatillo 028,,Ricardo Rosselló Nevares,PARTIDO NUEVO PROGRESISTA
Hatillo 029,,Ricardo Rosselló Nevares,PARTIDO NUEVO PROGRESISTA
Camuy 030,,Ricardo Rosselló Nevares,PARTIDO NUEVO PROGRESISTA
Quebradillas 031,,Ricardo Rosselló Nevares,PARTIDO NUEVO PROGRESISTA
Isabela 032,,Ricardo Rosselló Nevares,PARTIDO NUEVO PROGRESISTA
San Sebastián 033,,Ricardo Rosselló Nevares,PARTIDO NUEVO PROGRESISTA
Las Marías 034,,Ricardo Rosselló Nevares,PARTIDO NUEVO PROGRESISTA
Aguadilla 035,,Ricardo Rosselló Nevares,PARTIDO NUEVO PROGRESISTA
Moca 036,,Ricardo Rosselló Nevares,PARTIDO NUEVO PROGRESISTA
Moca 037,,Ricardo Rosselló Nevares,PARTIDO NUEVO PROGRESISTA
Aguada 038,,Ricardo Rosselló Nevares,PARTIDO NUEVO PROGRESISTA
Rincón 039,2683,Ricardo Rosselló Nevares,PARTIDO NUEVO PROGRESISTA
Añasco 040,,Ricardo Rosselló Nevares,PARTIDO NUEVO PROGRESISTA
Mayagüez 041,529,Ricardo Rosselló Nevares,PARTIDO NUEVO PROGRESISTA
Mayagüez 042,11512,Ricardo Rosselló Nevares,PARTIDO NUEVO PROGRESISTA
San Germán 043,,Ricardo Rosselló Nevares,PARTIDO NUEVO PROGRESISTA
San Germán 044,4430,Ricardo Rosselló Nevares,PARTIDO NUEVO PROGRESISTA
Hormigueros 045,2824,Ricardo Rosselló Nevares,PARTIDO NUEVO PROGRESISTA
Cabo Rojo 046,7612,Ricardo Rosselló Nevares,PARTIDO NUEVO PROGRESISTA
Lajas 047,4339,Ricardo Rosselló Nevares,PARTIDO NUEVO PROGRESISTA
Guánica 048,,Ricardo Rosselló Nevares,PARTIDO NUEVO PROGRESISTA
Sabana Grande 049,4130,Ricardo Rosselló Nevares,PARTIDO NUEVO PROGRESISTA
Maricao 050,,Ricardo Rosselló Nevares,PARTIDO NUEVO PROGRESISTA
Yauco 051,,Ricardo Rosselló Nevares,PARTIDO NUEVO PROGRESISTA
Yauco 052,,Ricardo Rosselló Nevares,PARTIDO NUEVO PROGRESISTA
Lares 053,,Ricardo Rosselló Nevares,PARTIDO NUEVO PROGRESISTA
Utuado 054,,Ricardo Rosselló Nevares,PARTIDO NUEVO PROGRESISTA
Adjuntas 055,,Ricardo Rosselló Nevares,PARTIDO NUEVO PROGRESISTA
Jayuya 056,,Ricardo Rosselló Nevares,PARTIDO NUEVO PROGRESISTA
Jayuya 057,2052,Ricardo Rosselló Nevares,PARTIDO NUEVO PROGRESISTA
Guayanilla 058,4224,Ricardo Rosselló Nevares,PARTIDO NUEVO PROGRESISTA
Peñuelas 059,,Ricardo Rosselló Nevares,PARTIDO NUEVO PROGRESISTA
Ponce 060,,Ricardo Rosselló Nevares,PARTIDO NUEVO PROGRESISTA
Ponce 061,,Ricardo Rosselló Nevares,PARTIDO NUEVO PROGRESISTA
Ponce 062,,Ricardo Rosselló Nevares,PARTIDO NUEVO PROGRESISTA
Juana Díaz 063,,Ricardo Rosselló Nevares,PARTIDO NUEVO PROGRESISTA
Juana Díaz 064,,Ricardo Rosselló Nevares,PARTIDO NUEVO PROGRESISTA
Villalba 065,,Ricardo Rosselló Nevares,PARTIDO NUEVO PROGRESISTA
Orocovis 066,,Ricardo Rosselló Nevares,PARTIDO NUEVO PROGRESISTA
Santa Isabel 067,,Ricardo Rosselló Nevares,PARTIDO NUEVO PROGRESISTA
Coamo 068,,Ricardo Rosselló Nevares,PARTIDO NUEVO PROGRESISTA
Aibonito 069,4579,Ricardo Rosselló Nevares,PARTIDO NUEVO PROGRESISTA
Barranquitas 070,,Ricardo Rosselló Nevares,PARTIDO NUEVO PROGRESISTA
Barranquitas 071,,Ricardo Rosselló Nevares,PARTIDO NUEVO PROGRESISTA
Corozal 072,,Ricardo Rosselló Nevares,PARTIDO NUEVO PROGRESISTA
Naranjito 073,6542,Ricardo Rosselló Nevares,PARTIDO NUEVO PROGRESISTA
Comerío 074,4372,Ricardo Rosselló Nevares,PARTIDO NUEVO PROGRESISTA
Coamo 075,3466,Ricardo Rosselló Nevares,PARTIDO NUEVO PROGRESISTA
Cidra 076,,Ricardo Rosselló Nevares,PARTIDO NUEVO PROGRESISTA
Cayey 077,6347,Ricardo Rosselló Nevares,PARTIDO NUEVO PROGRESISTA
Salinas 078,4390,Ricardo Rosselló Nevares,PARTIDO NUEVO PROGRESISTA
Guayama 079,7367,Ricardo Rosselló Nevares,PARTIDO NUEVO PROGRESISTA
Arroyo 080,3879,Ricardo Rosselló Nevares,PARTIDO NUEVO PROGRESISTA
Aguas Buenas 081,,Ricardo Rosselló Nevares,PARTIDO NUEVO PROGRESISTA
Caguas 082,6508,Ricardo Rosselló Nevares,PARTIDO NUEVO PROGRESISTA
Caguas 083,13781,Ricardo Rosselló Nevares,PARTIDO NUEVO PROGRESISTA
Gurabo 084,,Ricardo Rosselló Nevares,PARTIDO NUEVO PROGRESISTA
Salinas 085,630,Ricardo Rosselló Nevares,PARTIDO NUEVO PROGRESISTA
San Lorenzo 086,,Ricardo Rosselló Nevares,PARTIDO NUEVO PROGRESISTA
San Lorenzo 087,,Ricardo Rosselló Nevares,PARTIDO NUEVO PROGRESISTA
Juncos 088,,Ricardo Rosselló Nevares,PARTIDO NUEVO PROGRESISTA
Las Piedras 089,,Ricardo Rosselló Nevares,PARTIDO NUEVO PROGRESISTA
Las Piedras 090,1018,Ricardo Rosselló Nevares,PARTIDO NUEVO PROGRESISTA
Patillas 091,3824,Ricardo Rosselló Nevares,PARTIDO NUEVO PROGRESISTA
Maunabo 092,2872,Ricardo Rosselló Nevares,PARTIDO NUEVO PROGRESISTA
Yabucoa 093,,Ricardo Rosselló Nevares,PARTIDO NUEVO PROGRESISTA
Humacao 094,8737,Ricardo Rosselló Nevares,PARTIDO NUEVO PROGRESISTA
Naguabo 095,,Ricardo Rosselló Nevares,PARTIDO NUEVO PROGRESISTA
Vieques 096,1481,Ricardo Rosselló Nevares,PARTIDO NUEVO PROGRESISTA
Culebra 097,465,Ricardo Rosselló Nevares,PARTIDO NUEVO PROGRESISTA
Ceiba 098,,Ricardo Rosselló Nevares,PARTIDO NUEVO PROGRESISTA
Fajardo 099,,Ricardo Rosselló Nevares,PARTIDO NUEVO PROGRESISTA
Luquillo 100,,Ricardo Rosselló Nevares,PARTIDO NUEVO PROGRESISTA
Río Grande 101,,Ricardo Rosselló Nevares,PARTIDO NUEVO PROGRESISTA
Río Grande 102,,Ricardo Rosselló Nevares,PARTIDO NUEVO PROGRESISTA
Loíza 103,,Ricardo Rosselló Nevares,PARTIDO NUEVO PROGRESISTA
Canóvanas 104,,Ricardo Rosselló Nevares,PARTIDO NUEVO PROGRESISTA
Canóvanas 105,,Ricardo Rosselló Nevares,PARTIDO NUEVO PROGRESISTA
Carolina 106,,Ricardo Rosselló Nevares,PARTIDO NUEVO PROGRESISTA
Carolina 107,7457,Ricardo Rosselló Nevares,PARTIDO NUEVO PROGRESISTA
Carolina 108,12672,Ricardo Rosselló Nevares,PARTIDO NUEVO PROGRESISTA
Trujillo Alto 109,5066,Ricardo Rosselló Nevares,PARTIDO NUEVO PROGRESISTA
Trujillo Alto 110,5288,Ricardo Rosselló Nevares,PARTIDO NUEVO PROGRESISTA
